,Search Terms:
Links:,Batteries,Automotive
www.artosengineering.com,
www.inscoinc.com,
www.schaefer.biz,
www.mecalbystarn.com,
www.etp.cirris.com,
www.lakesprecision.com,
www.komaxwire.com,
www.mark-10.com,
www.etco.com,
www.dmctools.com,
www.tri-star-technologies.com,
www.dekabatteries.com,
www.thermosleeve-usa.com,
www.fusesunlimited.com,
www.hamprods.com,
www.peigenesis.com,
www.dynalabtesters.com,
www.schleuniger.com,
www.laserwiresolutions.com,
www.aerospacewire.com,
www.oestechnologies.com,
www.getfreepoint.com,
www.jamesmonroewire.com,
www.waytekwire.com,
www.eubanks.com,
www.sonobondultrasonics.com,
www.mechtrix.com,
www.odysseytool.com,
www.techflex.com,
www.astrotool.com,
www.shinmaywa.co.jp/english,
www.atlaswirecorp.com,